<?xml version="1.0" encoding="UTF-8"?>
<beans xmlns="http://www.springframework.org/schema/beans" 
		xmlns:xsi="http://www.w3.org/2001/XMLSchema-instance"
		xmlns:context="http://www.springframework.org/schema/context" 
		xmlns:aop="http://www.springframework.org/schema/aop"
		xsi:schemaLocation="http://www.springframework.org/schema/beans http://www.springframework.org/schema/beans/spring-beans.xsd
							http://www.springframework.org/schema/context http://www.springframework.org/schema/context/spring-context.xsd 
							http://www.springframework.org/schema/aop http://www.springframework.org/schema/aop/spring-aop.xsd">
	
	<aop:aspectj-autoproxy/>
	<bean id="loggerAspect" class="kh.devsunset.rockfish.common.aop.LoggerAspect" />
	
	<bean id="performanceMonitor"
              class="org.springframework.aop.interceptor.PerformanceMonitorInterceptor" />

    <aop:config>
        <aop:pointcut id="allServiceMethods" expression="execution(* *..service.*Service.*(..))" />
        <aop:advisor pointcut-ref="allServiceMethods" advice-ref="performanceMonitor" order="2"/>
    </aop:config>
	
 	<aop:config>
		<aop:pointcut id="requiredTx" expression="execution(* *..service.*Service.*(..))" />
		<aop:advisor advice-ref="txAdvice" pointcut-ref="requiredTx" />
	</aop:config>
    
</beans>